문제,문항1,문항2,문항3,문항4,정답
아시아경제신문의 인명 표기 원칙에 따르면 우리나라 인명을 한글로 적는 것을 원칙으로 할 때 구분이 필요한 경우 한자를 어떻게 병기할 수 있는가?,한자 표기를 병기할 수 없다.,괄호 없이 이름 뒤에 한자를 붙여 쓴다.,한자를 괄호 안에 병기할 수 있다.,밑줄을 친 후 한자를 병기한다.,3
아시아경제신문의 두음법칙 표기 원칙에 따르면 이름의 두음법칙 적용 여부가 불분명한 경우 무엇을 따르는가?,현지 발음 원칙,언론사 자체 기준,법률적 기준,한글 맞춤법,4
성이 '라씨' 또는 '리씨'인 인물의 이름 표기에 대한 아시아경제신문의 원칙으로 옳은 것은?,무조건 '나씨' '이씨'로 쓴다.,무조건 '라씨' '리씨'로 쓴다.,본인이 '나' '이'로 써 줄 것을 요구할 때만 '나씨' '이씨'로 쓴다.,본인이 '라' '리'로 써 줄 것을 요구할 때는 '라 리씨'로 쓰고 그 외에는 '나 이씨'로 쓴다.,4
이름 호칭 회사명 직위가 기사 내에서 처음 나올 때의 표기 원칙으로 옳은 것은?,성과 직위만 쓴다.,이름만 쓰고 나머지는 생략한다.,모두 써 준다.,회사명만 써 준다.,3
동일한 성을 가진 사람이 여러 명 나올 경우 아시아경제신문의 인명 표기 원칙은 무엇인가?,두 번째부터는 성만 쓴다.,성과 이름을 계속 써 준다.,직위로만 구분한다.,익명 처리한다.,2
성과 직위' 그리고 '성과 호칭'의 띄어쓰기 원칙에 대한 설명으로 옳은 것은?,성과 직위는 붙여 쓰고 성과 호칭은 띄어 쓴다.,성과 직위는 띄어 쓰고 성과 호칭은 붙여 쓴다.,성과 직위 성과 호칭 모두 띄어 쓴다.,성과 직위 성과 호칭 모두 붙여 쓴다.,2
아시아경제신문의 호칭 표기 원칙에 따르면 성인인 남녀를 불문하고 직위가 없으면 통일하여 사용하는 호칭은 무엇인가?,양,군,씨,옹,3
미성년자(만 19 세 미만)의 호칭 표기 원칙으로 옳은 것은?,남자는 '양' 여자는 '군'을 쓴다.,남녀 모두 '씨'를 쓴다.,남녀 모두 '군'을 쓴다.,남자는 '군' 여자는 '양'을 쓴다.,4
다음 호칭 중 이름과 붙여 쓰는 것이 원칙인 것은?,할머니,할아버지,여사,양,4
재판 중인 기업인이나 정치인의 직위 표기 원칙으로 옳은 것은?,직위를 생략한다.,직위를 써 준다.,익명으로 표기한다.,재판 결과에 따라 직위 표기 여부를 결정한다.,2
일반인 용의자의 표기 원칙 중 사회적 반감이 큰 경우에 적용될 수 있는 것은?,반드시 '김모씨'로 표기한다.,실명을 공개한다.,호칭을 생략할 수 있다.,영문 이니셜을 사용한다.,3
아시아경제신문의 나이 표기 원칙은 무엇을 기준으로 하는가?,세는나이,만 나이,출생연도 기준 나이,임의로 기준을 정할 수 있다.,2
한 기사 안에 나오는 여러 인물의 나이 표기 원칙으로 옳은 것은?,나이를 밝힐 인물과 생략할 인물을 자유롭게 정한다.,주요 인물만 나이를 밝힌다.,나이 표기는 필수 사항이 아니다.,나이를 모두 밝히거나 모두 생략하는 등 통일시켜 준다.,4
연예인 운동선수 이름 뒤에 호칭 및 직위를 생략하는 것이 원칙이지만 예외적으로 허용되는 경우는?,스포츠 기사,연예면 기사,사설이나 칼럼,광고 기사,3
직위가 같은 사람을 두 명 이상 나열할 때의 표기 원칙은?,각 인물 뒤에 모두 직위를 써 준다.,직위를 생략한다.,첫 번째 인물 뒤에만 직위를 써 준다.,맨 마지막에 직위를 한 번 써 준다.,4
사망한 인물을 처음 표기할 때의 원칙으로 옳은 것은?,이름 뒤에 '사망'을 괄호 안에 병기한다.,고'를 이름 앞에 붙여 쓰고 한자를 병기하지 않는다.,고(故)'를 이름 앞에 한자를 괄호 안에 병기해 붙여 준다.,사망자'라는 호칭을 사용한다.,3
사망한 인물의 호칭이나 경칭 사용에 대한 원칙으로 옳은 것은?,반드시 호칭이나 경칭을 써야 한다.,씨'로 통일하여 사용한다.,직위가 있었던 인물에게는 직위를 써 준다.,호칭이나 경칭을 쓰지 않는 것을 원칙으로 하되 역사적으로 업적이 큰 인물은 호칭을 쓰기도 한다.,4
단체 이름의 옛 명칭을 표기할 때의 원칙으로 옳은 것은?,괄호 안에 '구(舊)'라는 한자식 표현을 쓴다.,괄호 안에 '옛'이라고 쓰는 것을 원칙으로 한다.,옛 명칭을 완전히 생략한다.,옛 명칭과 새 명칭을 함께 붙여 쓴다.,2
북한 인명 표기 원칙에 대한 설명으로 옳은 것은?,북한 인명은 모두 우리식 두음법칙을 적용한다.,이름은 북한 표기를 따르고 이름 외의 단어는 두음법칙을 적용해 우리식으로 표기한다.,북한 인명은 실명을 공개하지 않는다.,북한 인명은 모두 한자로 표기한다.,2
외국인명 표기 시 현지음이 아닌 제 3 국의 발음으로 통용되고 있는 이름은 어떻게 표기하는가?,외래어 표기법에 따라 현지음대로 표기한다.,국립국어원 표준 발음을 따른다.,관용을 따른다.,해당 국가의 대사관 표기 기준을 따른다.,3
"중국 인명이나 지명 표기 시 1911 년 신해혁명을 기준으로 하는 원칙은 무엇인가?,1911 년 이전은 중국어 표기법",이후는 한자음대로 표기한다.,1911년 이전에는 한자음대로 표기하고 1911년 이후는 중국어 표기법에 따라 표기한다.,시대와 상관없이 모두 중국어 표기법을 따른다.,시대와 상관없이 모두 한자음대로 표기한다.,2
외국인명 표기 시 직위가 있는 결혼한 외국 여성의 이름을 표기하는 방법으로 옳은 것은?,직위는 생략하고 이름만 쓴다.,이름이나 성을 쓰고 호칭을 붙일 수 있다.,반드시 '여사'라는 호칭을 붙인다.,남성과 동일하게 직위만 표기하고 호칭은 생략한다.,2
중국과 베트남의 인명 표기 원칙으로 옳은 것은?,성과 이름을 띄어 쓴다.,성과 이름을 붙여 쓴다.,성만 표기하고 이름은 생략한다.,이름만 표기하고 성은 생략한다.,2
미들네임 표기 원칙으로 옳은 것은?,미들네임은 항상 생략한다.,미들네임은 항상 퍼스트네임 뒤에 붙여 쓴다.,미들네임은 생략하는 것을 기본으로 하되 구분이 필요한 경우 써준다.,미들네임과 퍼스트네임을 알파벳 영어로 약식 표기할 경우 마침표를 찍지 않는다.,3
우리나라 지명 표기 시 광역시와 특별시의 '시' 표기 원칙은?,",광역시와 특별시는 반드시 '시'를 붙여 쓴다.",",광역시에는 '시'를 붙이고 특별시에는 생략한다. ",광역시 특별시는 '시'를 빼고 그 외 지역에는 '시'를 써준다. ,광역시 특별시 모두 '시'를 생략할 수 없다.,3
제주특별자치도와 세종특별자치시의 지명 표기 원칙으로 옳은 것은?,제주특별자치도와 세종특별자치시로 풀어서 쓴다.,제주도와 세종시로 줄여 쓴다.,제주와 세종으로 적는다.,임의로 선택하여 표기할 수 있다.,3
시ㆍ도ㆍ군ㆍ구ㆍ동ㆍ면ㆍ읍 등 각 행정 단위를 이어 쓸 때의 띄어쓰기 원칙은?,띄어 쓴다.,붙여 쓴다.,혼동의 우려가 있을 때만 띄어 쓴다.,널리 알려진 지명인 경우 붙여 쓴다.,1
외국 지명 표기 시 바다를 나타내는 표현으로 통일하는 것은?,오션,씨,해(海),바다,3
아시아경제신문의 시간 표기 원칙으로 옳은 것은?,24 시간제를 원칙으로 한다.,12시간제로 표시하는 것을 원칙으로 한다.,스포츠 기사에서는 12 시간제만 허용한다.,철도시간표에서는 12 시간제만 허용한다.,2
날짜가 바뀌는 시점을 기준으로 새로 도입되는 제도에 관한 기사나 사건 기사에서 시간 표기 예외로 허용되는 것은?,정오' 또는 '자정' 표현,오전 0 시' 또는 '오후 0 시',0시'라는 표현,낮 12 시' 또는 '밤 12 시',3
시간이 정확하지 않을 때 사용하는 표현으로 옳은 것은?,경',께' 또는 '쯤',대략',정도',2
시간을 나누는 표현('오전' '오후' '낮' '밤' '새벽')에 대한 설명으로 옳은 것은?,낮 12 시'는 반드시 '정오'로 표기한다.,밤 12 시'는 반드시 '자정'으로 표기한다.,상식적인 수준에서 자율적인 사용을 허용한다.,상오'나 '하오' 표현을 허용한다.,3
30 분'을 표기하는 원칙으로 옳은 것은?,반'으로 쓰는 것을 원칙으로 한다.,반'으로 쓰지 않는 것을 원칙으로 한다.,30 분' 대신 '절반'으로 쓴다.,30 분' 또는 '반' 중 자유롭게 선택한다.,2
외신 기사에서 해외 시간을 나타낼 때 괄호 안에 써야 하는 표현은?,현지시각,현지시간,현지발표,현지기준,2
로켓 발사 시간을 표기할 때 사용하는 단어는?,시간,시각,정각,발사시간,2
시간의 시 분 초 단위 띄어쓰기 원칙으로 옳은 것은?,시 분 초 단위는 모두 띄어 쓴다.,시 분 초 단위는 모두 붙여 쓴다.,시 분 초 단위는 붙여 쓴다.,시는 띄어 쓰고 분 초는 붙여 쓴다.,2
한자식 표현 '구랍' 대신 써야 하는 우리말 표현은?,지난달,작년 12 월,지난해 12월,금년 12 월,3
일반 기사에서 날짜를 표기할 때 '어제' '오늘' '내일'처럼 게재 일자가 바뀜에 따라 혼란을 주는 말을 삼가는 것이 원칙이다. 꼭 써야 하는 경우 어떻게 표기하는가?,날짜를 한자로 병기한다.,날짜를 영문으로 함께 쓴다.,괄호 안에 날짜를 넣어준다.,날짜 뒤에 '자'를 붙여 쓴다.,3
연호 표기 원칙으로 옳은 것은?,단기를 사용한다.,줄여 쓰는 것을 원칙으로 한다.,서력(西曆)을 사용하되 줄여 쓰지 않는 것을 원칙으로 한다.,필요한 경우 한자를 병기한다.,3
지난'과 '오는'을 날짜나 달 앞에 쓰는 기준으로 옳은 것은?,발행일을 기준으로 하루 이상 차이가 날 경우.,발행일을 기준으로 이틀 이상 차이가 날 경우.,연도 앞에 항상 사용한다.,월말 기사에만 사용한다.,2
달(月) 표기 원칙 중 혼란이 일어날 염려가 없는 경우 사용할 수 있는 표현은?,지난월 이월 다음월,저번 달 이번 달 다음번 달,지난달 이달 다음 달,앞달 현재 달 뒷달,3
기원전 기원후 BC AD 사용에 대한 설명으로 옳은 것은?,BC 와 AD 만 사용 가능하다.,기원전'과 '기원후'만 사용 가능하다.,C'를 세기를 나타내는 약어로 사용할 수 있다.,모두 사용 가능하며 한 기사 안에서는 통일한다.,4
날짜를 표기할 때 연도 월 일의 띄어쓰기 원칙은?,연도 월 일 모두 붙여 쓴다.,연도 월 일 모두 띄어 쓴다.,연도는 띄어 쓰고 월 일은 붙여 쓴다.,연도와 월은 붙여 쓰고 일은 띄어 쓴다.,3
5 년반 동안'과 같은 표현을 아시아경제신문 스타일 북에 따라 바르게 고친 것은?,5.5 년 동안,5년 6개월 동안,5 년 반 동안,5 년 절반 동안,2
괄호 안에 연도를 쓸 때의 원칙으로 옳은 것은?,반드시 '년'을 붙여 표기한다.,숫자와 함께 한글로 연도를 풀어서 쓴다.,숫자만 표기하는 것을 기본으로 하되 특정 경우 '년'을 허용한다.,연도를 생략한다.,3
분기 표기 중 잘못된 예시는?,1 분기,2 분기,상반기,1ㆍ 4분기,4
모든 숫자를 표기하는 원칙으로 옳은 것은?,한글로 표기하는 것을 원칙으로 한다.,관용구는 반드시 아라비아 숫자로 쓴다.,아라비아 숫자로 표기하는 것을 원칙으로 하며 관용구는 한글도 허용한다.,로마 숫자를 병행하여 사용한다.,3
숫자를 만 단위로 끊어 쓸 때 한글로 쓰는 단위는 무엇인가?,천 만 억,백 천 만,만 억 조 경,천만 억만 조만,3
숫자와 단위를 띄어쓰는 원칙으로 옳은 것은?,숫자와 단위는 항상 띄어 쓴다.,숫자와 단위는 붙여 쓴다.,만 단위 이상은 띄어 쓰고 이하는 붙여 쓴다.,천 단위 이상은 붙여 쓰고 이하는 띄어 쓴다.,2
여' '약' '정도' '가량' 등 대략적인 숫자를 나타내는 표현을 사용할 때의 원칙으로 옳은 것은?,여'와 '약'을 함께 쓸 수 있다.,정도'와 '가량'을 함께 쓸 수 있다.,이 표현들을 동시에 쓰지 않는다.,어떤 조합이든 자유롭게 사용할 수 있다.,3
2000 여만원'에서 '여'의 띄어쓰기 원칙으로 옳은 것은?,여'는 숫자와 띄어 쓴다.,여'는 숫자와 붙여 쓴다.,여'는 관형사이므로 띄어 쓴다.,여'는 명사이므로 띄어 쓴다.,2
숫자 범위를 나타내는 '~'를 사용할 때 앞에 오는 숫자의 단위는 어떻게 표기하는가?,단위를 생략하는 것을 원칙으로 한다.,단위를 생략하지 않는 것을 원칙으로 한다.,첫 번째 숫자 뒤에만 단위를 쓰고 나머지는 생략한다.,단위를 한자로 병기한다.,2
숙어나 관용구에 들어가는 숫자를 표기하는 원칙으로 옳은 것은?,아라비아 숫자로 표기하는 것을 원칙으로 한다.,한글로 표시하는 것을 원칙으로 한다.,한자어로만 표기한다.,임의로 선택하여 표기할 수 있다.,2
분수 표기 원칙으로 옳은 것은?,1/3'과 같이 슬래시로 표기한다.,○분의 ○'으로 쓴다.,소수점으로 표기하는 것을 원칙으로 한다.,3 분 1'과 같이 붙여 쓴다.,2
전화번호를 표기할 때 전화번호 앞에 쓰는 것은?,☎,TEL,Phone,Call,2
법률 조항을 기사에서 처음 언급할 때의 표기 원칙은?,제 ○ 조 ○ 항'과 같이 띄어 쓴다.,제○조○항' 등으로 붙여 쓴다.,제 x 조 x 항'과 같이 영문과 숫자를 혼용한다.,조와 항을 괄호 안에 병기한다.,2
비례나 경쟁률을 나타낼 때의 띄어쓰기 원칙으로 옳은 것은?,○대○'와 같이 모두 붙여 쓴다.,○ 대 ○'와 같이 모두 띄어 쓴다.,○대 ○'와 같이 뒤 숫자를 띄어 쓴다.,○ 대○'와 같이 앞 숫자를 띄어 쓴다.,3
스포츠 기사에서 경기 점수를 표기할 때 ':' '-' '대'와 숫자 문장부호의 띄어쓰기 원칙은?,숫자와 문장부호를 모두 띄어 쓴다.,숫자와 문장부호를 모두 붙여 쓴다.,숫자는 붙이고 문장부호는 띄어 쓴다.,문장부호는 붙이고 숫자는 띄어 쓴다.,2
아시아경제신문의 마침표 사용 원칙으로 옳지 않은 것은?,서술 명령 청유 등을 나타내는 문장 끝에는 마침표를 한다.,표제어나 제목에는 마침표를 쓰지 않는다.,문장이 큰따옴표(“ ”)나 줄임표(…)로 끝날 때 마침표를 한다.,큰따옴표 뒤에 조사가 계속 이어질 때나 괄호 안에도 마침표를 찍는다.,4
문장의 부연설명을 위해 문장 끝에 괄호가 들어가는 경우 마침표의 위치는?,괄호 안에 마침표를 찍는다.,괄호 앞에 마침표를 찍는다.,괄호 다음에 마침표를 한다.,마침표를 생략한다.,3
이어진 문장 가운데 쓰인 각 조항 끝에 마침표를 하지 않는 것이 원칙이나 예외적으로 마침표 사용이 허용되는 경우는?,각 조항이 숫자로 시작할 때.,혼돈의 우려가 있을 시.,문장의 길이가 매우 길 때.,조항의 내용이 매우 중요할 때.,2
소수점이나 아라비아 숫자만으로 연(年)ㆍ월(月)ㆍ일(日)을 표시할 때 마침표의 사용은?,사용하지 않는 것을 원칙으로 한다.,쉼표를 사용한다.,마침표를 사용한다.,하이픈(-)을 사용한다.,3
기사에서 쉼표 남용을 삼가는 것이 원칙이지만 반드시 쉼표를 찍어야 하는 경우가 아닌 것은?,글 뜻이 중단돼 잠깐 쉬는 곳.,뜻이 달라지는 곳.,열거하는 것이 헷갈리기 쉬울 때.,일반적으로 쓰이는 접속어 뒤.,4
다음 중 쉼표를 사용하지 않음을 원칙으로 하는 것은?,둘 이상의 형용사와 설명구가 있을 때.,부르는 말이나 대답하는 말 제시어 다음.,단어 자체가 쉼표 역할을 하는 '한편' '특히' '그러나' 등.,문맥상 반드시 끊어 읽어야 할 곳.,3
기사에서 물음표(?) 사용 원칙으로 옳은 것은?,기사에서는 물음표 남용을 적극 권장한다.,우리말 자체가 물음을 나타내는 어미 뒤에는 항상 물음표를 쓴다.,의문 반어 수사의문의 뜻을 나타내지 못할 때 쓴다.,소설 등의 대화나 문답 같은 특수한 기사에서는 물음표를 쓸 수 없다.,3
기사에서 느낌표(!) 사용 원칙으로 옳은 것은?,감탄형 어미로 끝나는 문장에는 무조건 느낌표를 찍는다.,감탄형 어미로 끝나는 문장이라도 감탄의 정도가 약할 때는 느낌표 대신 마침표를 찍는다.,감탄ㆍ놀람ㆍ부르짖음ㆍ명령 등의 강한 느낌을 나타낼 때는 느낌표를 사용하지 않는다.,긍정하거나 다짐하는 말을 반어형으로 쓸 경우에는 느낌표를 허용하지 않는다.,2
가운뎃점(ㆍ) 사용 원칙으로 옳은 것은?,",동격의 명사나 연속적인 명사가 둘 이상 나열될 때는 항상 가운뎃점을 찍는다.",중단기 중장기 시군구 등은 가운뎃점을 찍는 예외에 해당한다.,괄호 안의 연령 직업 주소를 구별할 때는 쉼표를 사용한다.,두 개의 명사가 어울려 한 개의 명사로 되거나 하나의 단어로 볼 수 있을 때와 이미 고유명사로 굳은 것에는 가운뎃점을 찍지 않는다.,4
쌍점(:)의 표기 원칙으로 옳은 것은?,내포되는 종류를 들 때 쌍점을 찍고 앞말과 띄어 쓰고 뒷말과도 띄어 쓴다.,내포되는 종류를 들 때 쌍점을 찍고 앞말에 붙여 쓰고 뒷말과 띄어 쓴다.,표나 그래프 중에서 단위를 나타낼 때는 쌍점을 사용하지 않는다.,자료 출처를 나타낼 때는 쌍점 대신 쉼표를 사용한다.,2
기사에서 말줄임표(…) 사용 원칙으로 옳은 것은?,할 말을 줄여 끝을 맺지 않을 때는 사용하지 않는다.,‘……’이 아닌 ‘…’으로 쓴다.,항상 마침표와 함께 사용해야 한다.,문장의 중간에서는 사용할 수 없다.,2
큰따옴표(“ ”)의 사용 원칙으로 옳은 것은?,작품명이나 영화 제목을 표시할 때 사용한다.,대화 속의 대화나 인용문 속의 인용문을 표시할 때 사용한다.,문장 중 직접 대화나 남의 말을 인용할 때 쓴다.,같은 단어가 기사 안에서 처음 등장할 때 한 번만 사용한다.,3
"작은따옴표(‘ ’)의 사용 원칙으로 옳지 않은 것은?,작품명 영화 제목 책 제목 등을 표시할 때 쓴다.",대화 속의 대화나 인용문 속의 인용문을 표시할 때 쓴다.,문화 영화 예술,공연 등의 면에서는 예외적으로 계속 사용할 수 있다.,같은 단어의 경우 기사 안에서 처음 등장할 때 한 번 쓰고 그 이후에는 사용하지 않는 것이 원칙이다.,3
소괄호(())의 사용 원칙으로 옳은 것은?,괄호 안이 설명하거나 덧붙여주는 말에 따옴표가 붙는다면 괄호를 포함하지 않고 따옴표만 묶어준다.,영문이나 한자를 병기할 때 쓴다.,특정 작품의 구절을 인용해서 쓸 경우 제목을 넣어주고자 할 때는 사용하지 않는다.,원어ㆍ연대ㆍ주석ㆍ설명 등을 넣을 때는 사용하지 않는다.,2
중괄호(< >)의 사용 원칙으로 옳은 것은?,본문에서 사진을 인용해야 하는 경우에 사용할 수 없다.,간지면이나 이벤트면에서 본문에서 사진을 인용해야 하는 경우에 쓸 수 있다.,반드시 다른 문장부호와 함께 사용해야 한다.,주로 영문이나 한자를 병기할 때 사용한다.,2
물결표(~) 사용 시 ‘~’ 뒤에 ‘까지’를 사용해야 하는가?,항상 사용해야 한다.,사용하지 않는다.,수량이나 금액을 나타낼 때만 사용한다.,기간을 나타낼 때만 사용한다.,2
물결표(~)를 사용하여 기간을 나타낼 때 앞쪽 기간의 단위 생략 원칙으로 옳은 것은?,항상 단위를 생략한다.,항상 단위를 표기한다.,범위가 달라지는 경우에는 단위를 써준다.,연도 앞에는 반드시 단위를 표기한다.,1
"줄표(-)의 사용 원칙으로 옳은 것은?,스포츠의 대전",득점의 대비를 나타낼 때는 사용하지 않는다.,인터뷰 기사에서 질문 앞에 사용하지 않는다.,줄표 대신 되도록 가운뎃점(ㆍ)을 사용하도록 한다.,순서나 흐름을 나타낼 때나 기관 단체 등에서 일대일로 관계를 맺어 행사를 하는 경우는 ‘-’를 쓸 수 없다.,3
평행선(=)의 사용 원칙으로 옳은 것은?,기사의 발신지와 발신자 사이에 쓰며 양쪽 말이 다를 때 쓴다.,기사의 소제목을 달 때 소제목과 내용 사이에 붙여주고 소제목과 붙이고 내용과는 띄어 쓴다.,항상 문장의 마지막에 사용한다.,소제목 앞에만 사용한다.,2
곱셈표(×)의 사용 원칙으로 옳은 것은?,IT 기기의 비율 표기에는 사용하지 않는다.,상스러운 표현을 직접 인용하기 힘든 경우 사용하지 않는다.,IT 기기의 비율 표기나 상스러운 표현을 직접 인용하기 힘든 경우 사용한다.,빠진 글자를 숨김 표시할 때만 사용한다.,3
내용을 직접 알리는 것을 피하고자 할 때 빠진 글자 하나하나에 숨김 표시를 할 경우 순서대로 쓰는 기호는?,곱셈표(×) 동그라미표(○) 네모표(□) 세모표(△),네모표(□) 동그라미표(○) 세모표(△) 곱셈표(×),동그라미표(○) 네모표(□) 세모표(△) 곱셈표(×),세모표(△) 동그라미표(○) 네모표(□) 곱셈표(×),3
화살표(→)의 사용 원칙으로 옳은 것은?,화살표와 앞뒤 단어를 띄어 쓴다.,진행하는 방향이나 변화ㆍ발전하는 의미를 나타낼 때 쓴다.,주로 숫자와 함께 사용된다.,문장의 시작 부분에만 사용한다.,2
기사의 소제목 앞에 사용하는 기호는?,빗금삼각표(▲),줄표(-),빗금마름모표(◆),평행선(=),3
빗금삼각표(▲)의 사용 원칙으로 옳은 것은?,기사 본문 중 여러 내용을 나열할 때 사용하지 않는다.,토론이나 인터뷰 기사에서 이름이나 직책 뒤에 띄어 쓴다.,토론이나 인터뷰 기사에서 이름이나 직책 앞에 붙여 쓴다.,일문일답 형식의 기사에서 답 앞에 사용하지 않는다.,3
단위 표기 원칙으로 옳은 것은?,스포츠 면에서는 두 가지 표현을 허용하되 일관되게 표현하지 않아도 된다.,원칙적으로 한 가지로만 표기한다.,잘 알려지지 않은 단위는 알파벳이나 한글로 표기하는 것을 허용하지 않는다.,m 와 t 은 약물로 표기한다.,2
금액 단위 표기 원칙으로 옳은 것은?,금액을 나타내는 숫자와 띄어 쓴다.,금액 단위를 구분해주는 쉼표를 반드시 사용한다.,금액을 나타내는 숫자와 붙여 쓴다.,외국 통화를 한화로 환산할 경우 ‘한화’라는 표현을 반드시 쓴다.,3
나이 표기 원칙으로 옳은 것은?,한글로 쓸 때는 ‘세’ 아라비아숫자로 쓸 때는 ‘살’로 쓴다.,한글로 쓸 때는 ‘살’ 아라비아숫자로 쓸 때는 ‘세’로 쓴다.,나이는 항상 아라비아 숫자로만 표기한다.,‘다섯 살’은 띄어 쓰고 ‘5 세’는 붙여 쓴다.,2
"건물과 주거 단위 표기 원칙으로 옳은 것은?,건물은 ‘동’으로만 표기하며 ‘○개동’은 띄어 쓴다.",주거 단위는 ‘세대’로 표기하는 것이 원칙이다.,건물은 ‘채’ ‘동’으로,주거 단위는 ‘가구’로 표기하며 ‘○개동’은 붙여 쓴다.,아파트의 경우 ‘APT’라고 줄여 쓸 수 있다.,3
날씨 관련 단위 표기 원칙으로 옳은 것은?,강우량은 ㎝ 적설량은 ㎜로 적는다.,온도는 화씨를 기준으로 한다.,영하일 경우 마이너스(-) 기호를 사용한다.,온도는 섭씨를 기준으로 하며 한글로 ‘도’로 표기한다.,4
조사의 띄어쓰기 원칙으로 옳은 것은?,조사는 단어이므로 띄어 쓰는 것을 원칙으로 한다.,조사는 그 앞말에 붙여 쓴다.,조사는 문장의 마지막에 올 때만 띄어 쓴다.,조사는 품사에 따라 띄어쓰기가 달라진다.,2
의존명사의 띄어쓰기 원칙으로 옳은 것은?,의존명사는 그 앞말에 붙여 쓴다.,의존명사는 띄어 쓴다.,의존명사 뒤에 조사가 붙을 때만 띄어 쓴다.,의존명사는 문맥에 따라 띄어쓰기를 자유롭게 한다.,2
단위를 나타내는 명사의 띄어쓰기 원칙으로 옳은 것은?,항상 띄어 쓴다.,아라비아숫자 다음에 ‘숫자 단위를 나타내는 명사(억ㆍ만 등)’와 ‘숫자와 어울리는 단어(10여명에서 ‘여’ 등)’를 쓸 경우에는 단위와 붙여 쓴다.,한글로 표기할 때만 띄어 쓴다.,숫자가 한 단어일 때만 붙여 쓴다.,2
수를 적을 때 만(萬) 단위로 끊어서 표기하는 경우의 띄어쓰기 원칙은?,만 단위는 띄어 쓰고 나머지는 붙여 쓴다.,만 단위로 끊어서 표기하되 모두 붙여 쓴다.,만 억 조 경은 한글로 쓰고 띄어 쓴다.,숫자는 띄어 쓰고 단위는 붙여 쓴다.,2
두 말을 이어 주거나 열거할 때 쓰이는 말들의 띄어쓰기 원칙으로 옳은 것은?,항상 붙여 쓴다.,띄어 쓴다.,명사만 이어줄 때 띄어 쓴다.,짧은 단어일 경우 붙여 쓴다.,2
보조 용언의 띄어쓰기 원칙으로 옳은 것은?,항상 붙여 쓴다.,항상 띄어 쓴다.,띄어 쓰는 것을 원칙으로 하되 경우에 따라 붙여 씀도 허용한다.,아시아경제 표기원칙에서는 하나의 기사 안에서 보조 용언을 항상 띄어 쓰는 것으로 통일한다.,3
성과 직위 성과 호칭의 띄어쓰기 원칙으로 옳은 것은?,성과 직위는 붙여 쓰고 성과 호칭은 띄어 쓴다.,성과 호칭(씨ㆍ군ㆍ양ㆍ옹)은 붙여 쓰고 관직명(회장ㆍ사장ㆍ위원장 등)은 띄어 쓴다.,성명 이외의 고유 명사는 항상 붙여 쓴다.,성명 이외의 고유 명사는 단어별로 띄어 쓴다.,2
성명 이외의 고유 명사 띄어쓰기 원칙으로 옳은 것은?,항상 붙여 쓰는 것을 원칙으로 한다.,단어별로 띄어 씀을 원칙으로 하되 단위별로 띄어 쓸 수 있다.,널리 알려진 고유 명사는 붙여 쓴다.,음절 수가 많을수록 띄어 쓴다.,2
법률 군사 등 전문 용어의 띄어쓰기 원칙으로 옳은 것은?,항상 붙여 쓴다.,항상 띄어 쓴다.,단어별로 띄어 씀을 원칙으로 하되 붙여 쓸 수 있다.,한 단어로 굳어진 경우에만 붙여 쓴다.,3
보조 용언이 앞말에 조사가 붙거나 앞말이 합성 동사인 경우 중간에 조사가 들어갈 때의 띄어쓰기 원칙은?,그 뒤에 오는 보조 용언은 항상 붙여 쓴다.,그 뒤에 오는 보조 용언은 띄어 쓴다.,‘-아 / 어’ 뒤에 연결되는 보조 용언은 항상 붙여 쓴다.,보조 용언의 의미에 따라 띄어쓰기가 달라진다.,2
‘못하다’가 ‘어떤 일을 일정한 수준에 못 미치게 한다’는 뜻으로 쓰일 때의 띄어쓰기 원칙은?,붙여 쓴다.,띄어 쓴다.,앞 단어에 ‘-지’ 접미가 있는 경우는 띄어 쓴다.,노래를 못 한다(노래를 할 수 없다)'의 경우도 붙여 쓴다.,1
‘안 하다’의 띄어쓰기 원칙으로 옳은 것은?,항상 붙여 쓴다.,모두 띄어 써야 한다.,안되다'와 동일하게 적용한다.,문장의 길이가 길어질 때만 띄어 쓴다.,2
보조 동사 ‘내다’가 한 음절의 말에 붙어 굳어진 경우의 띄어쓰기 원칙은?,항상 띄어 쓴다.,붙여 쓴다.,퍼 내다' '빼 내다'와 같이 띄어 쓰는 것이 원칙이다.,내다'가 동사로 쓰일 때만 붙여 쓴다.,2
‘하다 되다 시키다 받다’와 같은 접미사 앞에 오는 단어가 서술성이나 행위성을 가진 경우의 띄어쓰기 원칙은?,항상 띄어 쓴다.,붙여 쓴다.,봉변 당하다'와 같이 '당하다'는 띄어 쓰는 것이 원칙이다.,품사가 변경되는 경우에만 붙여 쓴다.,2
부사형 어미 ‘와/워 아/어’에 ‘하다’가 붙어 품사가 변경됐을 때의 띄어쓰기 원칙은?,항상 띄어 쓴다.,붙여 쓴다.,고마워 하다' '아파 하다'와 같이 띄어 쓰는 것이 원칙이다.,하다'가 동사로 쓰일 때만 붙여 쓴다.,2
관형사 ‘이 그 저 아무’가 다음 말에 붙여 쓰는 경우가 아닌 것은?,이것 그것 저것,아무것 이곳 그곳 저곳,이때 그때,저때 아무때 아무곳.,4
‘몇’이 의문의 뜻을 나타내는 경우와 ‘얼마 되지 않는 수’의 의미로 수사로 쓰일 때의 띄어쓰기 원칙은?,의문의 뜻일 때는 붙여 쓰고 수사일 때는 띄어 쓴다.,의문의 뜻일 때는 관형사로 띄어 쓰고 수사일 때는 앞이나 뒤에 붙는 수를 나타내는 단어와 붙여 쓴다.,항상 붙여 쓴다.,항상 띄어 쓴다.,2
‘~가량’이 수량을 나타내는 명사 또는 명사구 뒤에 붙어 ‘정도’의 뜻을 더하는 접미사일 경우의 띄어쓰기 원칙은?,항상 띄어 쓴다.,붙여 쓴다.,한 시간 가량'과 같이 띄어 쓰는 것이 원칙이다.,숫자 뒤에만 붙여 쓴다.,2
첩어와 준첩어 의성어 의태어 등의 띄어쓰기 원칙으로 옳은 것은?,항상 띄어 쓴다.,붙여 쓴다.,곱게 곱게'처럼 반복되는 형태는 띄어 쓴다.,들락 날락'과 같이 음절이 두 개일 때는 띄어 쓴다.,2
접두사가 붙은 파생어의 띄어쓰기 원칙으로 옳은 것은?,항상 띄어 쓴다.,원칙적으로 붙여 쓴다.,이해하기 어려운 경우에만 띄어 쓴다.,관형사로 인정되는 것은 항상 붙여 쓴다.,2
‘-별’이 ‘그것에 따른’을 뜻하며 ‘-하’가 ‘그것과 관련된 조건이나 환경’을 뜻하는 접미사일 경우의 띄어쓰기 원칙은?,모두 띄어 쓴다.,모두 붙여 쓴다.,직렬 별로' '관리 하에'와 같이 띄어 쓰는 것이 원칙이다.,별'은 붙여 쓰고 '하'는 띄어 쓴다.,2
"의존명사 ‘척 체 양 만 듯 뻔 법’ 뒤에 ‘하다’가 붙을 때의 띄어쓰기 원칙은?,항상 띄어 쓴다.",붙여 쓴다.,만들 법 하다',놓칠 뻔 하다'와 같이 띄어 쓰는 것이 원칙이다.,척한다'만 붙여 쓴다.,2
의존명사 ‘중(中) 둥 등 리(이유) 때문 따위 수 바람(차림) 내(內) 체(척:흉내) 겸’ 등의 띄어쓰기 원칙은?,항상 붙여 쓴다.,띄어 쓴다.,월초' '연말' '연내' 등은 띄어 쓰는 것이 원칙이다.,이 중'은 붙여 쓴다.,2
‘뿐’이 의존명사로 쓰일 때와 조사로 쓰일 때의 띄어쓰기 원칙으로 옳은 것은?,의존명사로 쓰일 때는 붙여 쓰고 조사로 쓰일 때는 띄어 쓴다.,의존명사로 쓰일 때는 띄어 쓰고 조사로 쓰일 때는 붙여 쓴다.,항상 붙여 쓴다.,항상 띄어 쓴다.,2
‘만’이 시간과 관련된 단어 뒤에 쓰여 ‘얼마 동안 계속됐다’는 뜻으로 쓰일 때의 띄어쓰기 원칙은?,항상 붙여 쓴다.,띄어 쓴다.,두 시간만에'와 같이 붙여 쓰는 것이 원칙이다.,오랜만에'는 띄어 쓴다.,2
‘데’가 ‘장소 경우 일 것’ 등의 뜻으로 쓰일 때의 띄어쓰기 원칙은?,항상 붙여 쓴다.,띄어 쓴다.,연결형 어미로 쓰일 때만 띄어 쓴다.,~ㄴ(은ㆍ는ㆍ던)데' 형태로 쓰일 때도 띄어 쓴다.,2
‘간(間)’이 ‘무엇과 무엇 사이’의 뜻일 때와 ‘얼마 동안’이란 뜻일 때의 띄어쓰기 원칙은?,‘무엇과 무엇 사이’일 때는 붙여 쓰고 ‘얼마 동안’일 때는 띄어 쓴다.,‘무엇과 무엇 사이’일 때는 띄어 쓰고 ‘얼마 동안’일 때는 붙여 쓴다.,항상 붙여 쓴다.,항상 띄어 쓴다.,2
‘시(時)’가 ‘어떤 일이나 현상이 일어날 때나 경우’를 나타내는 의존명사로 쓰일 때의 띄어쓰기 원칙은?,항상 붙여 쓴다.,한글맞춤법에서 허용한 경우를 제외하고는 띄어 쓴다.,만기 시' '출입 시'는 붙여 쓰는 것이 원칙이다.,필요시 유사시 비상시'는 띄어 쓰는 것이 원칙이다.,2
형용사 ‘같다’에서 어미 ‘은’이 붙은 형태로 쓰이는 ‘같은’과 부사로 쓰이는 ‘같이’의 띄어쓰기 원칙은?,‘같은’은 붙여 쓰고 ‘같이’는 띄어 쓴다.,‘같은’은 띄어 쓰고 ‘같이’는 붙여 쓴다.,둘 다 항상 붙여 쓴다.,이 같은'은 붙여 쓰고 '이같이'는 띄어 쓴다.,2
다음 중 한 단어이므로 붙여 쓰는 것이 원칙인 것은?,지난 주말,다음 주,이번 달,지난주.,4
다음 중 아시아경제신문의 외래어 표기 원칙에 대한 설명으로 올바르지 않은 것은 무엇입니까?,외래어는 국어의 현용 24 자모만으로 적는 것을 원칙으로 한다.,외래어의 1 음운은 원칙적으로 1 기호로 적는다.,받침에는 ‘ㄱ ㄴ ㄹ ㅁ ㅂ ㅅ ㅇ’만을 쓴다.,파열음 표기에는 된소리(ㄲㆍㄸㆍㅃㆍㅆㆍㅉ)를 쓰는 것을 원칙으로 한다.,4
다음 중 아시아경제신문의 외래어 표기 원칙에 따라 올바르게 표기된 것은 무엇입니까?,노우하우,윈도우,노하우,섀도우,3
아시아경제신문 외래어 표기 원칙에 따르면 복수를 나타내는 영어 's'와 'th' 발음은 어떻게 적어야 합니까?,즈,드,쓰,스,4
다음 중 어말의 's' 표기에 대한 설명으로 올바른 것은 무엇입니까?,어말의 's'는 항상 '즈'로 표기한다.,뉴욕타임스'는 '뉴욕타임즈'로 표기하는 것이 원칙이다.,렌즈' '시리즈''슈즈' 등 굳어진 관용표현은 예외적으로 인정한다.,어말의 's'는 '스'로 적되 예외는 인정하지 않는다.,3
다음 중 'mm' 'nn' 등 두 개의 글자가 겹치는 외래어의 표기 원칙에 따라 올바르게 표기된 것은 무엇입니까?,러닝(running),커닝(cunning),해머(hammer),이 모든 경우에 하나만 표기하는 것이 원칙이다.,4
아시아경제신문 외래어 표기 원칙에 따라 영어 ‘l’과 ‘r’ 발음은 각각 어떻게 표기합니까?,‘l’은 ‘르’ ‘r’은 ‘ㄹㄹ’,‘l’은 ‘ㄹㄹ’ ‘r’은 ‘ㄹ’,‘l’은 ‘ㄹ’ ‘r’은 ‘르’,‘l’은 ‘ㄹㄹ’ ‘r’은 ‘르’,2
아시아경제신문 외래어 표기 원칙에 따르면 [f] 발음은 어떻게 표기합니까?,프,브,ㅍ,비,3
다음 중 어말의 ‘a’ 표기 원칙에 따라 올바르게 표기된 것은 무엇입니까?,소파(sofa),판다(panda),파카(parka),이 모든 경우에 ‘아’로 표기한다.,4
다음 중 영어 ‘Mac-’ ‘Mc-’ 접두사의 표기 원칙이 올바르지 않은 것은 무엇입니까?,자음 앞에서는 ‘맥’으로 적는다.,모음 앞에서는 ‘매크’로 적는다.,‘c’나 ‘k’ ‘q’ 앞에서는 ‘매’로 적는다.,‘l’ 앞에서는 ‘매’로 적는다.,4
아시아경제신문 외래어 표기 원칙에 따르면 두 개의 단어가 합쳐져 이뤄진 합성 외래어는 어떻게 표기해야 합니까?,줄임말 형태로 표기한다.,본래의 단어를 합쳐서 새로운 단어로 표기한다.,본래의 단어를 살려서 표기한다.,의미가 통하면 어떤 형태로든 표기할 수 있다.,3
다음 중 일본어 표기 원칙에 따라 어두에 'ㅊ ㅋ ㅌ'을 쓰지 않는 예시로 올바른 것은 무엇입니까?,치바 → 치바,큐슈 → 큐슈,토쿄 → 도쿄,모두 어두에 'ㅊ ㅋ ㅌ'을 쓸 수 있다.,3
아시아경제신문 외래어 표기 원칙에 따르면 일본어에서 ‘츠’나 ‘쯔’로 표기되는 소리는 어떻게 적어야 합니까?,츠,쯔,쓰,스,3
동남아시아 중국의 지명 표기 원칙에 대한 설명으로 올바른 것은 무엇입니까?,된소리(ㄲㆍㄸㆍㅃㆍㅆㆍㅉ)를 인정하지 않는다.,호치민'은 '호찌민'으로 표기할 수 없다.,푸켓'은 '푸껫'으로 '양자강'은 '양쯔강'으로 표기할 수 있다.,오직 현지 발음만을 따른다.,3
다음 중 괄호 안에 영어를 표기할 때의 원칙으로 올바른 것은 무엇입니까?,항상 대문자로 쓴다.,항상 소문자로 쓴다.,고유명사도 소문자로 쓴다.,소문자로 쓰는 것이 원칙이지만 고유명사는 대문자로 쓴다.,4
다음 중 'ㅈ ㅊ' 발음에 대한 외래어 표기 원칙에 따라 올바르게 표기된 것은 무엇입니까?,벤쳐,제스쳐,텔레비전,셰익스피어는 예외이다.,3
다음 중 '하이라이트(highlight)'와 '데드라인(deadline)'과 같이 두 단어가 합쳐진 합성 외래어의 올바른 표기는 무엇입니까?,하이-라이트 데드-라인,하이라잇 데드라인,하이라이트 데드라인,하이라이트-점 데드라인-선,3
아시아경제신문 외래어 표기 원칙에 따르면 영어 단어를 잇는 ‘-’(하이픈)는 한글 사이에서 어떻게 표기합니까?,반드시 표기한다.,때에 따라 표기할 수 있다.,표기하지 않는다.,영어 단어 표기 그대로 유지한다.,3
다음 중 올바른 외래어 표기는 무엇입니까?,노블리스 오블리제,노블레스 오블리주,노블레스 오블리스,노블레스 오블리주,2
다음 중 올바른 외래어 표기는 무엇입니까?,라이센스,라이센쓰,라이선스,라이선쓰,3
다음 중 올바른 외래어 표기는 무엇입니까?,류마티스,류머티쓰,류머티즘,류머티스,3
다음 중 올바른 외래어 표기는 무엇입니까?,런칭,론칭,런치,론치,2
다음 중 올바른 외래어 표기는 무엇입니까?,렌탈,렌털,렌터,렌털,2
다음 중 올바른 외래어 표기는 무엇입니까?,로얄,로이알,로열,로얄티,3
다음 중 올바른 외래어 표기는 무엇입니까?,리모콘 에어콘,리모컨 에어컨,리모콘 에어컨,리모컨 에어컨,2
다음 중 올바른 외래어 표기는 무엇입니까?,마이더스,미이다스,미다스,마이다스,3
다음 중 올바른 외래어 표기는 무엇입니까?,맘모스,맘머스,매머드,맘모쓰,3
다음 중 올바른 외래어 표기는 무엇입까?,미스테리,미스터리,미스테뤼,미스터리,2
다음 중 올바른 외래어 표기는 무엇입니까?,비지니스,비즈니스,비지네스,비즈니스,2
다음 중 올바른 외래어 표기는 무엇입습니까?,샤베트,셔베트,샤벗,셔벗,4
다음 중 올바른 외래어 표기는 무엇입니까?,세레모니,세러모니,세리머니,세리모니,3
다음 중 올바른 외래어 표기는 무엇입니까?,수트,슈트,슈우트,슈트,2
다음 중 올바른 외래어 표기는 무엇입니까?,쉐프,셰프,쉐프(chef),셰프,2
다음 중 올바른 외래어 표기는 무엇입니까?,쉽,십,쉬입,시프,2
다음 중 올바른 외래어 표기는 무엇입니까?,스왚,스왑,스와프,스와프(swap),3
다음 중 올바른 외래어 표기는 무엇입니까?,스테인레스,스테인리스,스테인레쓰,스테인리쓰,2
다음 중 올바른 외래어 표기는 무엇입니까?,아울렛,아웃렛,아울레트,아웃렛,2
다음 중 올바른 외래어 표기는 무엇입니까?,악세서리,악새서리,액세서리,악서사리,3
다음 중 올바른 외래어 표기는 무엇입니까?,아젠다,아잰다,어젠다,어젠다(agenda),3
다음 중 올바른 외래어 표기는 무엇입니까?,엣지,에찌,에지,엣쥐,3
다음 중 올바른 외래어 표기는 무엇입니까?,쥬얼리,주어리,주얼리,쥬어리,3
다음 중 올바른 외래어 표기는 무엇입니까?,컨셉,컨셉트,콘셥,콘셉트,4
다음 중 올바른 외래어 표기는 무엇입까?,콜렉션,컬렉숀,컬렉션,컬랙션,3
다음 중 올바른 외래어 표기는 무엇입니까?,탑,톱,턉,텃,2
다음 중 올바른 외래어 표기는 무엇입니까?,테라피,테라피(therapy),세러피,세라피,3
다음 중 올바른 외래어 표기는 무엇입니까?,토탈,토털,토우탈,토올,2
다음 중 올바른 외래어 표기는 무엇입니까?,판넬,패널,판넬(panel),파넬,2
다음 중 올바른 외래어 표기는 무엇입니까?,플렉서블,플렉시불,플렉시블,플렉서불,3
다음 중 올바른 외래어 표기는 무엇입니까?,휘트니스,휘트니스(fitness),피트네스,피트니스,4
다음 중 올바른 외래어 표기는 무엇입니까?,프리젠테이션,프리젠테이숀,프레젠테이션,프레젠테이숀,3
다음 중 외래어 표기법에 따른 외국 인명 표기 원칙으로 옳은 것은?,현지음이 아닌 제 3 국의 발음으로 통용되는 것은 예외 없이 현지음으로 표기한다.,외국인명은 원칙적으로 현지음대로 표기한다.,된소리 표기는 모든 외국어 인명에 허용하지 않는다.,미들네임은 어떠한 경우에도 생략하지 않는다.,2
다음 중 아시아경제신문 스타일 북의 외래어 표기 원칙에 따라 올바르게 표기된 인명은?,간디 (Gandhi),헤이그 (Hague),시져 (Caesar),앙카라 (Ankara),1
중국 인명 표기에 대한 설명 중 옳은 것은?,모든 중국 인명은 현지음대로 표기한다.,1911 년 신해혁명 이후의 인명은 한자음대로 표기한다.,1911 년 신해혁명을 기준으로이전 인명은 한자음대로 이후 인명은 중국어 표기법에 따라 표기한다.,중국 인명은 어떠한 경우에도 한자를 병기하지 않는다.,3
외국인 인명 표기 시 성과 이름의 띄어쓰기 원칙에 맞지 않는 것은?,리커창 (중국),도널드트럼프 (미국),호찌민 (베트남),누르술탄 나자르바예프 (카자흐스탄),2
다음 중 미들네임 표기 원칙에 따라 올바르게 표기된 인명은?,조지 W 부시,O.J.심슨,조지 W. 부시,O J 심슨,3
서양인의 성명 가운데 'Junior'를 표기하는 방법으로 옳은 것은?,Junior,Jr.,Jr,Junior.,3
다음 중 '후진타오'의 올바른 표기는?,후진따오,후진타오,후 진 타오,후진타우,2
다음 중 성과 이름을 붙여 쓰는 외국 인명 표기 원칙에 따라 올바르게 표기된 인명은?,도널드 트럼프 (미국),마크 저커버그 (미국),리커창 (중국),쥐스탱 트뤼도 (캐나다),3
다음 중 '오스트레일리아 골프 선수'의 올바른 표기는?,애덤 스콧 (오스트레일리아 골프선수),애덤스코트 (오스트레일리아 골프선수),아담 스콧 (오스트레일리아 골프선수),애덤 스콭 (오스트레일리아 골프선수),1
다음 중 '베트남'의 '호찌민'의 올바른 표기는?,호치민,호찌민,호지민,호찌 민,2
다음 중 '영국의 디자이너'의 올바른 표기는?,스텔라 매카트니,스텔라 맥카트니,스텔라 맥커트니,스텔라 메카트니,1
다음 중 '독일 대통령'의 올바른 표기는?,프랑크발터 슈타인마이어,프랑크 발터 슈타인마이어,프랭크발터 슈타인마이어,프랑크발터 슈타인 마이어,1
다음 중 '미국 경제학자'의 올바른 표기는?,폴 크루그먼,폴크루그먼,폴 크루만,폴 크루그만,1
다음 중 '러시아 대통령'의 올바른 표기는?,블라디미르 푸틴,블라디미르 푸친,블라디미르 푸틴 씨,블라디미르 푸틴 대통령님,1
다음 중 '튀르키예 대통령'의 올바른 표기는?,레제프 타이이프 에르도안,레제프 타이프 에르도안,레제프 타이이프 에르도안 대통령,레젭 타이이프 에르도안,1
다음 중 '메타 CEO'의 올바른 표기는?,마크 저커버그,마크 주커버그,마크 저커버그 CEO,마크 저크버그,1
다음 중 '영국 작곡가'의 올바른 표기는?,앤드루 로이드 웨버,앤드류 로이드 웨버,앤드루 로이드 웨버 씨,앤드루 로이드 웨버님,1
다음 중 '전 일본 총리'의 올바른 표기는?,아베 신조,아베 신죠,아베 신조 총리,아베 신조님,1
다음 중 '이탈리아 디자이너'의 올바른 표기는?,조르조 아르마니,조르지오 아르마니,조르조 아르마니 씨,조르지오 아르마니 디자이너,1
다음 중 '전 유엔 사무총장'의 올바른 표기는?,이리나 보코바,이리나 보꼬바,이리나 보코바 총장님,이리나 보코바 씨,1
다음 중 '인도네시아 대통령'의 올바른 표기는?,조코 위도도,조코위도도,조코 위도도 대통령님,조꼬 위도도,1
다음 중 '전 캐나다 총리'의 올바른 표기는?,스티븐 하퍼,스티븐 하퍼 총리,스티븐 하퍼님,스티븐 하퍼 씨,1
다음 중 '전 남아프리카공화국 대통령'의 올바른 표기는?,제이컵 주마,제이콥 주마,제이컵 주마님,제이컵 주마씨,1
다음 중 '영국 하원의원'의 올바른 표기는?,테리사 메이,테레사 메이,테리사 메이 의원,테리사 메이님,1
다음 중 '전 콜롬비아 대통령'의 올바른 표기는?,후안 마누엘 산토스,후안 마누엘 산토스 대통령,후안 마누엘 산토스님,후안 마누엘 산토스씨,1
다음 중 '이탈리아 총리'의 올바른 표기는?,마리오 드라기,마리오 드라기 총리,마리오 드라기님,마리오 드라지,1
다음 중 '전 애플 최고디자인책임자'의 올바른 표기는?,조너선 아이브,조나단 아이브,조너선 아이브 최고디자인책임자,조너선 아이브님,1
다음 중 '전 야후 CEO'의 올바른 표기는?,머리사 메이어,머리사 메이어 CEO,머리싸 메이어,머리사 마이어,1
다음 중 '나이키 의장'의 올바른 표기는?,마크 파커,마크 파커 의장,마크 파커님,마크 파카,1
다음 중 '영국 배우'의 올바른 표기는?,틸다 스윈턴,틸다 스윈튼,틸다 스윈턴 배우,틸다 스윈턴 씨,1
다음 중 '미국 배우'의 올바른 표기는?,앤젤리나 졸리,안젤리나 졸리,엔젤리나 졸리,앤젤리나 졸리 씨,1
다음 중 '흑인해방운동가'의 올바른 표기는?,마틴 루서 킹,마틴 루터 킹,마틴 루서 킹님,마틴 루서 킹 씨,1
다음 중 '전 이라크 총리'의 올바른 표기는?,누리 알말리키,누리 알 말리키,누리 알마리키,누리 알말리키 총리님,1
다음 중 '프랑스 국민전선 대표'의 올바른 표기는?,마린 르펜,마린 르펜 대표,마린 르팽,마린 르펜님,1
다음 중 '미국 상원의원'의 올바른 표기는?,마르코 루비오,마르코 루비오 의원,마르코 루비오님,마르꼬 루비오,1
되어'의 올바른 축약 표기는?,되,돼,되여,됭,2
다음 중 아시아경제신문 표기 원칙에 따라 축약하지 않는 단어는?,하여,주어,되어,선보이다,4
따옴표 안의 문장이 '-다(했다 이다 되다 하다 등)'로 끝나는 경우 이어서 사용하는 올바른 인용 표현은?,고,라고,이라며,이고,1
따옴표 안의 문장에서 종결어미를 생략하고 명사로 끝낼 수 있을 때 사용하는 인용 표현은?,고,며,(이)라며,는,3
vs'의 올바른 표기 방식은?,VS,Vs,vs,vS,3
vs'를 본문에 사용하는 것이 허용되는가?,항상 허용된다.,특정 부서의 요청이 있을 때만 허용된다.,되도록 본문에는 적지 않되 제목에 허용한다.,제목을 포함한 모든 경우에 허용된다.,3
&' 기호 앞뒤 단어의 띄어쓰기는 어떻게 하는가?,띄어 쓴다.,붙여 쓴다.,&' 앞에만 띄어 쓴다.,&' 뒤에만 띄어 쓴다.,2
아시아경제신문 표기 원칙에 따라 '5G 통신망'을 표기할 때 '5G' 뒤에 붙는 조사('에' '와' 등)는 어떻게 쓰는가?,5G 에'처럼 숫자를 한국어로 읽은 뒤 조사를 붙인다.,5G 와'처럼 숫자를 영어로 읽지 않고 그대로 붙인다.,파이브지에'처럼 숫자를 영어로 읽은 뒤 조사를 붙인다.,오지에'처럼 숫자를 한국어로 읽은 뒤 조사를 붙인다.,3
사고 기사 표기에서 기본적으로 사용하는 기호와 처리 방식은?,▲에 볼드체,▶에 이탤릭체,◆에 고딕처리,*에 밑줄,3
아시아경제신문 표기 원칙에 따른 사진 바이라인 표기 방식은?,사진출처: OOO 기자,사진=OOO 기자 (본인이 찍은 경우),이미지제공: OOO 스튜디오,사진촬영: OOO,2
사진 바이라인 표기 시 '사진출처' '이미지출처' 등의 표현이 가능한가?,아니오 '사진='만 가능하다.,예 가능하다.,사진출처'만 가능하다.,이미지제공'만 가능하다.,2
홈페이지 주소를 기사 중에 표기할 때 'http://'를 어떻게 처리하는가?,반드시 포함해야 한다.,www.' 앞에만 생략한다.,생략한 나머지 부분을 쓴다.,임의로 선택 가능하다.,3
정부 부처를 기사에서 처음 언급할 때의 표기 원칙은?,줄임말로 쓴다.,부처 명을 다 밝혀 쓴다.,괄호 안에 줄임말을 병기한다.,약어만 사용한다.,2
과학기술정보통신부'의 올바른 줄임말은?,과기부,과기정통부,과학통신부,과정부,2
다음 중 줄임말이 없는 정부 부처는?,고용노동부,국토교통부,교육부,기획재정부,3
행정안전부'의 올바른 줄임말은?,행안부,행정부,안행부,안전부,1
인사동정 기사에서 기관의 인사 순서는?,기업 학교 병원 언론기관 정부 공공기관(부처청),정부 공공기관(부처청) 기업 학교 병원 언론기관,언론기관 정부 공공기관(부처청) 기업 학교 병원,학교 병원 언론기관 정부 공공기관(부처청) 기업,3
부고 표기 시 사망 일시를 명기하는가?,예 반드시 명기한다.,예 유가족 요청 시 명기한다.,아니오 표기하지 않는다.,예 사망 요인이 중요할 경우 명기한다.,3
부고 기사를 실을 때의 순서 원칙은?,사망자 연령순,사망자 직위순,발인이 빠른 순서,유족이 많은 순서,3
언론인이나 유명인의 부고는 다른 부고보다 어떻게 처리하는가?,다른 부고와 동일하게 처리한다.,다른 부고보다 앞으로 싣는다.,별도 면에 싣는다.,온라인으로만 공개한다.,2
공동 기사 작성 시 기여도가 높은 기자의 바이라인을 적는 원칙에서 일반적인 경우 최대 몇 명까지 표기할 수 있는가?,1 명,2명,3 명,4 명,2
대형 기획 기사 등 예외적인 경우에 공동 기사 바이라인에 몇 명까지 표기할 수 있는가?,1 명,2 명,3명,4 명,3
공동 기사 참여자가 4명 이상일 경우 활용하는 표기 방식은?,대표 기자 1 명만 표기.,모든 참여자를 '외 O 명'으로 표기.,특별취재팀' 표기 방식을 활용해 참여자 모두 적시.,공동취재단'으로 표기.,3
출장이나 특파원 기사의 바이라인 기본 형식은?,이름 (출장지) 아이디@,출장지=이름 아이디@,이름@출장지,(출장지) 이름 아이디,2
국내 및 국외 출장(특파원 포함) 간 기자와 기사를 공동 작성할 경우 바이라인 표기 시 출장지 및 세종을 밝혀 적는가?,아니오 생략한다.,예 밝혀 적는다.,오직 국내 출장 시에만 밝혀 적는다.,오직 해외 출장 시에만 밝혀 적는다.,2
아시아경제 소속 기자와 아시아경제 외 계열사 소속 기자가 공동으로 기사를 작성할 경우 바이라인 순서는?,계열사 소속 기자부터,기여도 순으로,아시아경제 소속 기자부터,임의 순서,3
자회사 소속 기자의 이메일 주소 표기 시 이메일 주소 뒷부분(@ 이하)을 생략하는가?,예 생략한다.,아니오 생략하지 않는다.,선택적으로 생략할 수 있다.,아시아경제 소속 기자'만 이메일 주소를 표기한다.,2
해외 출장 기사나 국내 출장 기사에서 바이라인에 나라 이름이나 광역자치단체를 넣는가?,예 항상 넣는다.,예 필요한 경우에만 넣는다.,아니오 넣지 않는다.,해외 기사에만 넣는다.,3
"해외 기사에서 두 개 이상의 출처를 표기할 경우의 바이라인 형식은?,출처 1·출처 2, 도시,도시",출처 1·출처 2,도시=출처 1·출처 2,(도시) 출처 1,출처 2,3
다음 중 **'방증(傍證)'**의 의미로 가장 적절한 것은?,어떤 사실이나 주장이 옳지 아니함을 그에 반대되는 근거를 들어 증명하는 것,사실을 직접 증명하지는 않지만 주변의 상황을 밝힘으로써 간접적으로 증명에 도움을 주는 증거,어떤 사실과 모순되는 것 같지만 오히려 그것을 증명한다고 볼 수 있는 사실,거짓임을 증명하는 명확한 증거,2
다음 중 **'반증(反證)'**의 의미로 모두 해당하는 것은?,사실을 직접 증명하지는 않지만 주변 상황을 통해 간접적으로 증명에 도움을 주는 증거,어떤 사실이나 주장이 옳지 아니함을 그에 반대되는 근거를 들어 증명하는 것,어떤 사실과 모순되는 것 같지만 오히려 그것을 증명한다고 볼 수 있는 사실,b 와 c 모두,4
"""FRB 가 양적완화를 당분간 유지하기로 결정한 것은 미 경기회복세가 충분치 않다는 방증이다.""에서 '방증'의 의미로 올바른 것은?",직접적인 반대 증거,간접적으로 사실을 뒷받침하는 증거,사실이 아님을 증명하는 증거,의도적으로 숨겨진 증거,2
"""이는 되레 메르켈 총리의 강력한 영향력을 보여주는 반증이다.""에서 '반증'의 의미로 올바른 것은?",그녀의 영향력이 없음을 명확히 보여주는 증거,그녀의 영향력에 대한 직접적인 비판,겉으로는 모순되지만 실제로는 영향력을 증명하는 증거,영향력을 부인하는 근거,3
다음 중 앞말이 관형어 구실을 하게 하고 어떤 일이 과거에 완료되지 않고 중단되었다는 미완의 의미를 나타내는 어미는?,~든,~던,~지,~고서,2
다음 중 나열된 동작이나 상태 대상들 중에서 어느 것이든 선택될 수 있음을 나타내는 연결 어미는?,~던,~든,~는,~며,2
"""구글 애드를 통해 등장하는 각종 광고가 과거 검색했던 상품으로 바뀌어 있는 경우들이 좋은 예다.""에서 올바른 표기는?",검색하든,검색할던,검색했던,검색하든지,3
"""'박근혜표 행복주택'이든 '박원순표 임대주택'이든 곳곳에서 파열음이 나고 있다.""에서 밑줄 친 '-든'의 사용이 올바른 이유는?",과거의 일을 회상하기 위함,강조의 의미를 더하기 위함,두 가지 선택지 중 어느 것이든 해당됨을 나타내기 위함,문장의 의미를 명확하게 하기 위함,3
모음이나 'ㄴ' 받침 뒤에 이어지는 '률' 또는 '렬'의 올바른 표기 원칙은?,항상 '률' 또는 '렬'로 쓴다.,율' 또는 '열'로 쓴다.,임의로 선택하여 쓸 수 있다.,해당 단어의 한자음에 따라 결정한다.,2
다음 중 '율' 또는 '열'로 표기해야 하는 경우가 아닌 것은?,모음 뒤에 올 때,ㄴ' 받침 뒤에 올 때,ㄱ' 받침 뒤에 올 때,ㄹ' 받침 뒤에 올 때,3
다음 중 수단이나 도구 재료 등을 나타낼 때 쓰는 표현은?,~로서,~로써,~으로서,~에 의하여,2
"""그녀는 2011 년부터 오픈리치 부문의 최고경영자(CEO)로서 25 억파운드가 투입된 광통신 브로드밴드 출시를 총괄했다.""에서 밑줄 친 '-로서'의 사용이 올바른 이유는?",수단을 나타내기 때문,결과를 나타내기 때문,자격을 나타내기 때문,시간을 나타내기 때문,3
"""국제결제은행(BIS) 기준 자기자본비율을 조작함으로써 법을 위반했다.""에서 밑줄 친 '-으로써'의 사용이 올바른 이유는?",신분을 나타내기 때문,지위를 나타내기 때문,수단이나 방법을 나타내기 때문,이유를 나타내기 때문,3
다음 중 올바른 표기법에 맞는 것은?,구름량,어린이란,알칼리양,가십란,3
다음 중 '거래량'의 표기가 올바른 이유는?,고유어 명사 뒤에 왔기 때문,외래어 명사 뒤에 왔기 때문,한자어 명사 뒤에 왔기 때문,의미 강조를 위함,3
길게 하거나 처지게 하거나 벌여 놓는다는 의미로 쓰이는 동사는?,늘리다,늘이다,늘어지다,늘려주다,2
"다음 중 ""바짓단을 길게 하다""는 의미에 맞는 올바른 표현은?",바짓단을 늘리다,바짓단을 늘이다,바짓단을 늘려 놓다,바짓단을 늘여서,2
"다음 중 ""병력을 증가시키다""는 의미에 맞는 올바른 표현은?",병력을 늘이다,병력을 늘리다,병력을 늘여 놓다,병력을 늘여서,2
부딪다'의 강조 의미로 주어가 직접 행동한 경우에 쓰는 동사는?,부딪히다,부딪치다,부딪히게 하다,부딪게 되다,2
부딪다'의 피동 의미로 주어가 행동을 당한 경우에 쓰는 동사는?,부딪치다,부딪히다,부딪어,부딪고,2
"""파도가 바위에 부딪쳤다""에서 '-쳤다'의 사용이 올바른 이유는?",피동의 의미를 나타내기 때문,파도가 직접 부딪는 행동을 강조하기 때문,바위가 부딪힘을 당했기 때문,문장의 간결성을 위함,2
"""빙산에 부딪혀 배가 침몰했다""에서 '-혀'의 사용이 올바른 이유는?",배가 직접 부딪는 행동을 강조하기 때문,배가 빙산에 의해 부딪힘을 당했기 때문,배가 빙산과 의도적으로 충돌했기 때문,동사의 변화형을 나타내기 위함,2
다음 중 올바른 한국어 표기는?,몇 일,며칠,몇 일째,며칠째로,2
겹겹이 포개어 얹어 놓거나 명예 신뢰를 얻는다는 뜻의 피동형은?,쌓이다,싸이다,싸여있다,쌓여있다,1
씌워 가리거나 둘러 말거나 뒤덮는다는 뜻의 피동형은?,쌓이다,싸이다,싸여있다,쌓여있다,2
"""책상에 먼지가 쌓이다.""에서 밑줄 친 동사의 사용이 올바른 이유는?",먼지가 책상 위를 덮었기 때문,먼지가 겹겹이 포개어져서 놓였기 때문,먼지가 책상을 감쌌기 때문,먼지가 책상에 스며들었기 때문,2
"""슬픔(의혹)에 싸이다.""에서 밑줄 친 동사의 사용이 올바른 이유는?",슬픔이 겹겹이 쌓였기 때문,슬픔이 마음을 뒤덮거나 감쌌기 때문,슬픔이 축적되었기 때문,슬픔이 명확히 드러났기 때문,2
눈에 보이다' 또는 '공간적으로나 시간적으로 사이가 떨어지게 하다'의 의미로 쓰이는 동사는?,띠다,띄다,띄우다,뜨이다,2
용무 직책 사명 따위를 맡아 지니다' 또는 '빛깔이나 색채 따위를 가지다'의 의미로 쓰이는 동사는?,띄다,띠다,띠우다,따르다,2
"""그는 번번이 좋은 기회를 다 놓쳤다.""에서 밑줄 친 '번번이'의 올바른 의미는?,기회가 평평하게 놓였다",기회가 반듯하게 놓였다,매번,여러 번 기회를 놓쳤다,기회가 구김살 없이 놓였다,3
다음 중 자격이나 신분 지위를 나타낼 때 쓰는 표현은?,~로써,~로서,~으로써는,~에게서,2